{
    "content": [{
        "ref": "index.json",
        "type": "menu",
        "menuRef": "/chain/menu.json",
        "header": "** #chain **\nCreate a chain to earn the right to win prizes",
        "content": [{
            "ref": "/chain/how.json",
            "type": "linkStatic",
            "description": "How"
        }, {
            "ref": "/chain/create.json",
            "type": "linkStatic",
            "description": "Create/add Chain"
        }]
    }, {
        "type": "end",
        "ref": "index.json"
    }]
}