{
    "content": [{
        "ref": "menu.json",
        "type": "menu",
        "menuRef": "/chain/menu.json",
        "header": "** #chain menu **\nYou have 5,323 links and are ranked 25 out of 5,300",
        "content": [{
            "ref": "/chain/create.json",
            "type": "linkStatic",
            "description": "Add more numbers"
        }, {
            "ref": "/chain/top10.json",
            "type": "linkStatic",
            "description": "Top 10"
        }, {
            "ref": "/chain/benefits.json",
            "type": "linkStatic",
            "description": "Benefits"
        }]
    }, {
        "type": "end",
        "ref": "#chain menu"
    }]
}