{
    "content": [{
        "ref": "menu.json",
        "type": "menu",
        "menuRef": "/chain/menu.json",
        "header": "** #chain top 10 **\n1. Mongojerry 10,332\n2. Bobby 9,543\n3. Chris 7,654\n4. Myhoa 5,432\n5. Radu 4,343\n6. Sorin 3,231\n........7. Marius 2,432\n8. Andrei 1,232\n9. Melania 943\n10. Bogdan 545",
        "footer": "send <option> or \"more\"",
        "content": [{
            "ref": "/chain/create.json",
            "type": "linkStatic",
            "description": "Add more more numbers"
        }, {
            "ref": "/chain/benefits.json",
            "type": "linkStatic",
            "description": "Benefits"
        }]
    }, {
        "type": "end",
        "ref": "#chain menu"
    }]
}