{
"content": [
  {
    "type": "menu",
    "menuRef": "#account menu",
    "content": [
      {
        "type": "linkStatic",
        "description": "Continue",
        "ref": "#account champ2"
      },
      {
        "type": "linkStatic",
        "description": "Skip",
        "ref": "#account menu"
      }
    ],
    "header": "** Account Champion **\nEarn xxx minutes for each friend that joins ONEm\nFirst answer three  questions",
    "ref": "#account champ"
  },
  {
    "type": "end",
    "ref": "#account menu"
  }
]
}