{
"content": [
  {
    "type": "menu",
    "menuRef": "#account menuchamp",
    "content": [
      {
        "type": "linkStatic",
        "description": "Get a new code",
        "ref": "#account code"
      },
      {
        "type": "linkStatic",
        "description": "mID",
        "ref": "#account menuchamp"
      },
      {
        "type": "linkStatic",
        "description": "Subscription",
        "ref": "#account menuchamp"
      },
      {
        "type": "linkStatic",
        "description": "Settings",
        "ref": "#account menuchamp"
      },
      {
        "type": "linkStatic",
        "description": "Tutorial",
        "ref": "#account menuchamp"
      }
    ],
    "header": "** Account menu **\nProfile Name: Chris\nLevel: Champion\n",
    "ref": "#account menuchamp"
  },
  {
    "type": "end",
    "ref": "#account menuchamp"
  }
]
}