{
"content": [
  {
    "type": "menu",
    "menuRef": "#account menu",
    "content": [
      {
        "type": "linkStatic",
        "description": "Become a champion",
        "ref": "#account champ"
      },
      {
        "type": "linkStatic",
        "description": "mID",
        "ref": "#account menu"
      },
      {
        "type": "linkStatic",
        "description": "Subscription",
        "ref": "#account menu"
      },
      {
        "type": "linkStatic",
        "description": "Settings",
        "ref": "#account menu"
      },
      {
        "type": "linkStatic",
        "description": "Tutorial",
        "ref": "#account menu"
      }
    ],
    "header": "** Account menu **\nProfile Name: Chris\nLevel: Beginner",
    "ref": "#account menu"
  },
  {
    "type": "end",
    "ref": "#account menu"
  }
]
}