{
    "content": [{
        "menuRef": "post/menu.json",
        "type": "menu",
       	"header": "** #post menu **",
        "content": [{
            "ref": "post/add.json",
            "type": "linkStatic",
            "shortcut": "add",
            "description": "add a post"
        }, {
            "ref": "post/search.json",
            "type": "linkStatic",
            "shortcut": "search",
            "description": "search"
        }, {
            "ref": "post/my.json",
            "type": "linkStatic",
            "shortcut": "my Posts",
            "description": "my Posts"
        }, {
            "ref": "post/recent.json",
            "type": "linkStatic",
            "shortcut": "recent",
            "description": "Recent"
        }, {
            "ref": "post/profile.json",
            "type": "linkStatic",
            "shortcut": "profile",
            "description": "my Profile"
        }]
    },
    {
    	"type": "end",
    	"ref": "#post"
    }]
}