{
    "content": [{
        "type": "input",
        "menuRef": "/contacts/menu.json",
        "header": "** #Contact add **",
        "footer": "send number or \"menu\"",
        "content": {
            "type": "string",
            "description": "Send mobile number or 15-digit ONEm id",
            "var": "onemnumber"
        }
    }, {
        "type": "menu",
        "menuRef": "/contacts/menu.json",
        "header": "** #Contact add **\n{{onemnumber}}\nThis person is not yet a ONEm member",
        "content": [{
            "type": "skip",
            "description": "Invite them to join"
        }, {
            "type": "linkStatic",
            "ref": "#contacts menu",
            "description": "Maybe later"
        }]
    }, {
        "type": "message",
        "header": "** #Contact add **",
        "description": "An invitation has been sent to {{onemnumber}}\nYou will be notified when this person accepts"
    }, {
        "type": "end",
        "ref": "#contacts"
    }]
}