{
    "content": [{
        "ref": "/contacts/details.json",
        "type": "menu",
        "menuRef": "/contacts/menu.json",
        "header": "** ONEm id: 111222333444555 **\nCall made 12d ago\nDuration: 30s",
        "comment": "'call made' could also be 'message sent', 'call received', 'message received'",
        "content": [{
            "ref": "/contacts/add.json",
            "type": "linkStatic",
            "description": "Add to contacts"
        }, {
            "ref": "/contacts/call.json",
            "type": "linkStatic",
            "description": "Call"
        }, {
            "ref": "/contacts/message.json",
            "type": "linkStatic",
            "description": "Send Message"
        }, {
            "ref": "/contacts/addxgroup.json",
            "type": "linkStatic",
            "description": "Add to xGroup"
        }]
    }, {
        "type": "end",
        "ref": "/contacts/menu.json"
    }]
}