{
    "content": [{
        "ref": "index.json",
        "type": "menu",
        "menuRef": "/contacts/menu.json",
        "header": "** #contacts recents **",
        "comment": "Menu when no contacts exist\nbut there are recent made or received calls\nsort the menu by call made/received date",
        "footer" : "send option or \"menu\"",
        "content": [{
            "ref": "/contacts/add.json",
            "type": "linkStatic",
            "description": "Add/invite contact"
        }, {
            "ref": "/contacts/notcontactview.json",
            "type": "linkDynamic",
            "description": "Chris R\nActivity:",
            "var": "$onemnumber=Chris R"
        }, {
            "ref": "/contacts/notcontactview.json",
            "type": "linkDynamic",
            "description": "555444333222111",
            "var": "$onemnumber=555444333222111"
        }, {
            "ref": "/contacts/notcontactview.json",
            "type": "linkDynamic",
            "description": "123451234512345*",
            "var": "$onemnumber=123451234512345*"
        }, {
            "ref": "/contacts/notcontactview.json",
            "type": "linkDynamic",
            "description": "07656565543",
            "var": "$onemnumber=07656565543"
        }]
    }, {
        "type": "end",
        "ref": "#contacts"
    }]
}