{
    "content": [{
        "ref": "/contacts/searchdetail.json",
        "type": "menu",
        "menuRef": "/contacts/menu.json",
        "header": "** {{$contactFirstName}} {{$contactSearchString}} **\nMsg sent 5h ago\nDuration: 20s",
        "comment": "'call made' could also be 'message sent', 'call received', 'message received'",
        "content": [{
            "ref": "/contacts/call.json",
            "type": "linkStatic",
            "description": "Call"
        }, {
            "ref": "/contacts/message.json",
            "type": "linkStatic",
            "description": "Send Message"
        }, {
            "ref": "/contacts/addxgroup.json",
            "type": "linkStatic",
            "description": "Add to xGroup"
        }]
    }, {
        "type": "end",
        "ref": "/contacts/menu.json"
    }]
}