{
    "content": [{
        "ref": "viewmsisdn.json",
        "type": "menu",
        "menuRef": "/contacts/menu.json",
        "header": "** {{$msisdn}} **",
        "content": [{
            "ref": "/contacts/call.json",
            "type": "linkStatic",
            "description": "Call"
        }, {
            "ref": "/contacts/message.json",
            "type": "linkStatic",
            "description": "Send Message"
        }, {
            "ref": "/contacts/assignnick.json",
            "type": "linkStatic",
            "description": "Add to contacts"
        }, {
            "ref": "/contacts/addxgroup.json",
            "type": "linkStatic",
            "description": "Add to xGroup"
        }, {
            "ref": "/contacts/details.json",
            "type": "linkStatic",
            "description": "Details"
        }]
    }, {
        "type": "end",
        "ref": "/contacts/menu.json"
    }]
}