{ "content": [
  {
    "ref": "xgroupfinal.json",
    "type": "menu",
    "menuRef": "/contacts/menu.json",
    "content": [
      {
        "type": "skip",
        "description": "Confirm",
        "ref": ""
      },
      {
        "type": "skip",
        "description": "Back\nYou Selected:",
        "ref": ""
      },
      {
        "type": "linkStatic",
        "description": "members(3)",
        "ref": "/contacts/editmembers.json"
      },
      {
        "type": "skip",
        "description": "{{$xgroupname}}",
        "ref": ""
      }
    ],
    "header": "** #xGroup create **"
  },
  {
    "type": "message",
    "header": "** #xGroup create **",
    "description": "You will receive a message from your xGroup, reply to the message or call to chat using text or voice",
    "menuRef": "/contacts/menu.json"
  },
  {
    "type": "end",
    "ref": "/contacts/index.json"
  }
]}