{
    "content": [{
        "ref": "xgroupmenu.json",
        "type": "menu",
        "menuRef": "/contacts/menu.json",
        "header": "** #xgroup menu **\nNo xGroups found",
        "content": [{
            "ref": "/contacts/xgroupcreate.json",
            "type": "linkDynamic",
            "description": "Create an xGroup",
            "var": "$list=''"
        }, {
            "ref": "/contacts/xgrouptutorial.json",
            "type": "linkDynamic",
            "description": "Tutorial"
        }]
    }, {
        "type": "end",
        "ref": "#xgroup"
    }]
}