{
    "content": [{
        "ref": "xgroupconfirm.json",
        "type": "menu",
        "menuRef": "/contacts/xgroupmenu.json",
        "header": "** #xgroup confirm **",
        "footer": "<send option or \"next\">",
        "content": [{
            "ref": "/contacts/xgroupinvite.json",
            "type": "linkDynamic",
            "description": "Send invitation to group"
        }, {
            "ref": "/contacts/xgroupedit.json",
            "type": "linkDynamic",
            "description": "Maurius"
        }, {
            "ref": "/post/view.json",
            "type": "linkDynamic",
            "description": "Cristi"
        }, {
            "ref": "/post/view.json",
            "type": "linkDynamic",
            "description": "Bogdan"
        }, {
            "ref": "/post/view.json",
            "type": "linkDynamic",
            "description": "Andrei"
        }, {
            "ref": "/xgroup/xgroupconfirm.json",
            "type": "linkDynamic",
            "description": "Radu",
            "shortcut": "next"
        }]
    }, {
        "type": "end",
        "ref": "#contacts"
    }]
}