{
    "content": [{
        "menuRef": "mcat/menu.json",
        "type": "menu",
       	"header": "** #mcat - 2347**\nPyrex Portables Set",
        "content": [{
            "ref": "mcat/view.json",
            "type": "linkStatic",
            "description": "Q=50 P=R2510"
        }, {
            "ref": "mcat/add.json",
            "type": "linkStatic",
            "shortcut": "add",
            "description": "Add to basket"
        }, {
            "ref": "mcat/checkout.json",
            "type": "linkStatic",
            "shortcut": "checkout",
            "description": "Check Out"
        }]
    },
    {
    	"type": "end",
    	"ref": "#mcat"
    }]
}