{
    "content": [{
        "menuRef": "mcat/menu.json",
        "type": "menu",
       	"header": "** #mcat - basket**",
        "content": [{
            "ref": "mcat/basketitem.json",
            "type": "linkStatic",
            "description": "Pyrex Portables"
        }, {
            "ref": "mcat/basketitem.json",
            "type": "linkStatic",
            "description": "Knife Set"
        }, {
            "ref": "mcat/basketitem.json",
            "type": "linkStatic",
            "description": "BBQ Roaster"
        }]
    },
    {
    	"type": "end",
    	"ref": "#mcat"
    }]
}