{
    "content": [{
        "menuRef": "mcat/menu.json",
        "type": "menu",
       	"header": "** #mcat - basket**",
        "content": [{
            "ref": "mcat/basketitems.json",
            "type": "linkStatic",
            "description": "items(3)"
        }, {
            "ref": "mcat/add.json",
            "type": "linkStatic",
            "shortcut": "value",
            "description": "R7654"
        }, {
            "ref": "mcat/checkout.json",
            "type": "linkStatic",
            "shortcut": "checkout",
            "description": "Check Out"
        }, {
            "ref": "mcat/search.json",
            "type": "linkStatic",
            "shortcut": "search",
            "description": "Search"
        }]
    },
    {
    	"type": "end",
    	"ref": "#mcat"
    }]
}