{
    "content": [{
        "menuRef": "mcat/menu.json",
        "type": "menu",
       	"header": "** #mcat menu **",
        "content": [{
            "ref": "mcat/search.json",
            "type": "linkStatic",
            "shortcut": "search",
            "description": "#search"
        }, {
            "ref": "mcat/basket.json",
            "type": "linkStatic",
            "shortcut": "nearby",
            "description": "#basket(3)"
        }, {
            "ref": "mcat/offers.json",
            "type": "linkStatic",
            "shortcut": "offers",
            "description": "#offers(10)"
        }, {
            "ref": "brands/help.json",
            "type": "linkStatic",
            "shortcut": "help",
            "description": "#help/tutorial"
        }]
    },
    {
    	"type": "end",
    	"ref": "#mcat"
    }]
}