{
    "content": [{
        "ref": "index.json",
        "type": "menu",
        "menuRef": "index.json",
        "header": "** ONEm services **",
        "content": [{
            "ref": "#account",
            "type": "linkStatic",
            "shortcut": "account",
            "description": "#account"
        }, {
            "ref": "#aljazeera",
            "type": "linkStatic",
            "description": "#aljazeera"
        }, {
            "ref": "#arabic",
            "type": "linkStatic",
            "description": "#arabic"
        }, {
            "ref": "#brands",
            "type": "linkStatic",
            "shortcut": "brands",
            "description": "#brands"
        }, {
            "ref": "#contacts",
            "type": "linkStatic",
            "description": "#contacts"
        }, {
            "ref": "#du",
            "type": "linkStatic",
            "description": "#du"
        }, {
            "ref": "#exchange",
            "type": "linkStatic",
            "description": "#exchange"
        }, {
            "ref": "#football",
            "type": "linkStatic",
            "description": "#football"            
        }, {
            "ref": "#frenzy",
            "type": "linkStatic",
            "description": "#frenzy"
        }, {
            "ref": "#hangman",
            "type": "linkStatic",
            "description": "#hangman"  
        }, {
            "ref": "#invite",
            "type": "linkStatic",
            "description": "#invite"  
        }, {
            "ref": "#post",
            "type": "linkStatic",
            "description": "#post"
        }]
    }, {
        "type": "end",
        "ref": "index.json"
    }]
}