{
    "content": [{
        "ref": "indexcategories.json",
        "type": "menu",
        "menuRef": "indexcategories.json",
        "header": "** ONEm services **",
        "content": [{
            "ref": "tutorial/account.json",
            "type": "linkStatic",
            "shortcut": "account",
            "description": "Account"
        }, {
            "ref": "tutorial/news.json",
            "type": "linkStatic",
            "description": "News"
        }, {
            "ref": "tutorial/entertainment.json",
            "type": "linkStatic",
            "description": "Entertainment"
        }, {
            "ref": "tutorial/social.json",
            "type": "linkStatic",
            "shortcut": "social",
            "description": "Social"
        }]
    }, {
        "type": "end",
        "ref": "indexcategories.json"
    }]
}