{
    "content": [{
        "menuRef": "brands/menu.json",
        "type": "menu",
       	"header": "**TheCoffeeShop-About**\nCode:b.thecoffeeshop\nLoremipsumdolorsitamet,consectetur adipiscing elit, sed do eiusmod tempor. Lorem ipsum dolor sit amet, consectetur adipiscing elit, sed do eiusmod tempor.",
        "content": [{
            "ref": "brands/call.json",
            "type": "linkStatic",
            "shortcut": "call",
            "description": "#call"
        }, {
            "ref": "brands/message.json",
            "type": "linkStatic",
            "shortcut": "message",
            "description": "#message"
        }]
    },
    {
    	"type": "end",
    	"ref": "#brands menu"
    }]
}