{
    "content": [{
        "menuRef": "brands/menu.json",
        "type": "menu",
       	"header": "** The Coffee Shop - Contact**\nCode: b.thecoffeeshop\nLorem ipsum dolor sit amet...",
        "comment": "Include the first ~30 chars of the about text",
        "content": [{
            "ref": "brands/call.json",
            "type": "linkStatic",
            "shortcut": "call",
            "description": "#call"
        }, {
            "ref": "brands/message.json",
            "type": "linkStatic",
            "shortcut": "message",
            "description": "#message"
        }]
    },
    {
    	"type": "end",
    	"ref": "#brands menu"
    }]
}