{
    "content": [{
        "menuRef": "brands/editmenu.json",
        "type": "menu",
       	"header": "** The Coffee Shop **\nCode: b.thecoffeeshop\nChoose a section to modify",
        "content": [{
            "ref": "brands/edit.json",
            "type": "linkStatic",
            "shortcut": "about",
            "description": "#about"
        }, {
            "ref": "brands/edit.json",
            "type": "linkStatic",
            "shortcut": "location",
            "description": "#location"
        }, {
            "ref": "brands/edit.json",
            "type": "linkStatic",
            "shortcut": "contact",
            "description": "#contact"
        }, {
            "ref": "brands/edit.json",
            "type": "linkStatic",
            "shortcut": "offers",
            "description": "#offers"
        }]
    },
    {
    	"type": "end",
    	"ref": "#brands menu"
    }]
}