{
    "content": [{
        "ref": "edit.json",
        "type": "input",
        "menuRef": "/brands/menu.json",
        "header": "** #about **\nCode: b.thecoffeeshop\n%about content%",
        "footer": "send message, or 'back'",
        "content": {
            "type": "string",
            "description": "Send new about text content"
        }
    }, {
        "type": "wizard",
        "menuRef": "/brands/menu.json",
        "header": "** #about\nCode: b.thecoffeeshop **",
        "content": [{
            "type": "any",
            "description": "%new content%"
        }]
    }, {
        "type": "message",
        "header": "** #about\nCode: b.thecoffeeshop **",
        "description": "Your text was modified successfully"
    }, {
        "type": "end",
        "ref": "#brands mybrands"
    }]
}