{
    "content": [{
        "menuRef": "brands/menu.json",
        "type": "menu",
       	"header": "** The Coffee Shop - Location**\nCode: b.thecoffeeshop\nLorem ipsum dolor sit amet, consectetur adipiscing elit, sed do eiusmod tempor. Lorem ipsum dolor sit amet, consectetur adipiscing elit, sed do eiusmod tempor.",
        "content": [{
            "ref": "brands/call.json",
            "type": "linkStatic",
            "shortcut": "call",
            "description": "#call"
        }, {
            "ref": "brands/message.json",
            "type": "linkStatic",
            "shortcut": "location",
            "description": "#location"
        }]
    },
    {
    	"type": "end",
    	"ref": "#brands menu"
    }]
}