{
    "content": [{
        "menuRef": "brands/menu.json",
        "type": "menu",
       	"header": "** #mybrands **",
        "comment": "Menu is displayed if number of brands associated to current user is > 1\nElse\nif number of brands == 1, then go directly to the brand editing options",
        "content": [{
            "ref": "brands/editmenu.json",
            "type": "linkStatic",
            "description": "%branddomain1%"
        }, {
            "ref": "brands/editmenu.json",
            "type": "linkStatic",
            "description": "%branddomain2%"
        }, {
            "ref": "brands/editmenu.json",
            "type": "linkStatic",
            "description": "%branddomain3%"
        }]
    },
    {
    	"type": "end",
    	"ref": "#brands menu"
    }]
}