{
    "content": [{
        "ref": "search.json",
        "type": "input",
        "menuRef": "/brands/menu.json",
        "header": "** #brands nearby**",
        "footer": "send text, or 'back'",
        "comment": "The list view titles are from the brand portal (whatever the brand wants here, usually it's the name of the brand or a short description)\n\nPlatform searches input string against\n1) matching brand code exact name eg starbucks\n2) search with brand prefix 'b.' + <search string> eg if user types coffeeshop search for brand code = 'b.coffeeshop'\n3) search for partial matches or similar brand names\n4) search for matching keywords/tags that the brand has pre-configured against their name (eg coffee)\n\nSort results according to current user's location vs Brand's location preferences",
        "content": {
            "type": "string",
            "description": "Send brand code, name, or keyword"
        }
    }, {
        "type": "menu",
        "menuRef": "/brands/menu.json",
        "header": "** #brands search %string% **",
        "comment": "\n** #brands search %string% **\nNo results found.\nSend another keyword or 'back'.\n<send keyword or 'back'>\nif not found then prompt again for another search string",
        "content": [{
            "ref": "/brands/view.json",
            "type": "linkDynamic",
            "description": "The Coffee Shop"
        }, {
            "ref": "/brands/view.json",
            "type": "linkDynamic",
            "description": "Costa Coffee"
        }, {
            "ref": "/brands/view.json",
            "type": "linkDynamic",
            "description": "Starbucks"
        }]
    }, {
        "type": "end",
        "ref": "#brands menu"
    }]
}