{
    "content": [{
        "menuRef": "brands/menu.json",
        "type": "menu",
       	"header": "** McDonalds 50% off **\n\nLorem ipsum dolor sit amet, consectetur adipiscing elit, seddo eiusmod tempor",
        "content": [{
            "ref": "brands/call.json",
            "type": "linkStatic",
            "shortcut": "call",
            "description": "#call"
        }, {
            "ref": "brands/message.json",
            "type": "linkStatic",
            "shortcut": "message",
            "description": "#message"
        }]
    },
    {
    	"type": "end",
    	"ref": "#brands menu"
    }]
}