{
    "content": [{
        "ref": "inbox/details.json",
        "type": "menu",
        "menuRef": "inbox/details.json",
        "header": "** Postbox {{$item}}**\n{{$postdetails}}",
        "content": [{
            "ref": "inbox/reply.json",
            "type": "linkStatic",
            "description": "Reply"
        }, {
            "ref": "inbox/delete.json",
            "type": "linkStatic",
            "description": "Delete"
        }]
    },{
        "type": "end",
        "ref": "inbox/details.json"
    }]
}