{
    "content": [{
        "ref": "how.json",
        "type": "menu",
        "menuRef": "onem.json",
        "header": "** Help **\nSend \"a\" or \"b\" to:",
        "footer": "send \"a\" for tips, \"b\" to go back to service main menu",
        "content": [{
            "ref": "onem/tip1.json",
            "type": "linkStatic",
            "description": "Receive tips on how to use ONEm"
        }, {
            "ref": "#onem",
            "type": "linkStatic",
            "description": "Skip"
        }]
    }, {
        "type": "end",
        "ref": "#onem"
    }]
}