{
    "content": [{
        "ref": "inbox/messages.json",
        "type": "menu",
        "menuRef": "#inbox",
        "header": "** Inbox - messages **",
        "content": [{
            "ref": "inbox/message01.json",
            "type": "linkStatic",
            "description": "Booking for Qatar Flight"
        }, {
            "ref": "inbox/message02.json",
            "type": "linkStatic",
            "description": "Receipt for Amazon Purchase"
        }]
    }, {
        "type": "end",
        "ref": "#onem"
    }]
}