{
    "content": [{
        "ref": "tip2.json",
        "type": "menu",
        "menuRef": "#onem",
        "header": "** Offers **",
        "content": [{
            "ref": "inbox/offer01.json",
            "type": "linkStatic",
            "description": "Qatar Airways:Free Ticket Upgrade"
        }, {
            "ref": "inbox/offer02.json",
            "type": "linkStatic",
            "description": "AED50 on Costa Cafe Discount for 2"
        }]
    }, {
        "type": "end",
        "ref": "#onem"
    }]
}