{
    "content": [{
        "ref": "inbox/post.json",
        "type": "menu",
        "menuRef": "#inbox postbox",
        "header": "** Postbox **",
        "content": [{
            "ref": "inbox/post.json",
            "type": "linkStatic",
            "description": "Honey(3)",
            "var":"$item=Honey"
        }, {
            "ref": "inbox/post.json",
            "type": "linkStatic",
            "description": "Furniture(2)",
            "var":"$item=Furniture"
        }]
    }, {
        "type": "end",
        "ref": "#inbox"
    }]
}