{
    "content": [{
        "menuRef": "etisalat/index.json",
        "type": "menu",
       	"header": "** #offers menu **\nAccount Balance: AED 100",
        "footer" : "send option or 'menu'",
        "content": [{
            "ref": "etisalat/topup.json",
            "type": "linkStatic",
            "shortcut": "recharge",
            "description": "Recharge"
        }, {
            "ref": "etisalat/transfer.json",
            "type": "linkStatic",
            "shortcut": "transfer",
            "description": "Transfer amount"
        }]
    },
    {
    	"type": "end",
    	"ref": "#etisalat"
    }]
}