{
    "content": [{
        "menuRef": "etisalat/index.json",
        "type": "menu",
       	"header": "** #offers menu **",
        "content": [{
            "ref": "etisalat/offers.json",
            "type": "linkStatic",
            "shortcut": "airtime",
            "description": "One month of ONEm Power tier"
        }, {
            "ref": "etisalat/recharge.json",
            "type": "linkStatic",
            "shortcut": "competition",
            "description": "Enter our free draw"
        }, {
            "ref": "etisalat/rewards.json",
            "type": "linkStatic",
            "shortcut": "rewards",
            "description": "Earn rewards"
        }]
    },
    {
    	"type": "end",
    	"ref": "#etisalat"
    }]
}