{
    "content": [{
        "ref": "/etisalat/onempower.json",
        "type": "menu",
        "menuRef": "#etisalat",
        "header": "** #Offers Menu **\nSelect from an option below",
        "content": [{
            "type": "skip",
            "description": "Get me one month of ONEm Power for free"
        }, {
            "ref": "#onem",
            "type": "linkStatic",
            "description": "Maybe later"
        }]
    }, {
        "type": "message",
        "header": "** #Offers Menu **",
        "description": "Congratulations!\nYour one month of ONEm power is now active."
    }, {
        "type": "end",
        "ref": "#etisalat"
    }]
}