{
    "content": [{
        "menuRef": "etisalat/index.json",
        "type": "menu",
       	"header": "** #Recharge menu **\nAccount Balance: AED 100\nSelect amount to recharge",
        "footer" : "send option or 'menu'",
        "content": [{
            "type": "skip",
            "shortcut": "50",
            "description": "AED 50",
            "var": "value=50"
        }, {
            "type": "skip",
            "shortcut": "100",
            "description": "AED 100",
            "var": "value=100"
        }, {
            "type": "skip",
            "shortcut": "200",
            "description": "AED 200",
            "var": "value=200"
        }]
    }, {
        "type": "message",
        "header": "** Recharge confirmed **",
        "description": "Recharge successful\nYour account balance is now AED{{100 + value}}"
    }, {
    	"type": "end",
    	"ref": "#etisalat"
    }]
}