{
    "content": [{
        "type": "input",
        "menuRef": "/contacts/menu.json",
        "header": "** #Contact add **",
        "footer": "send name or \"menu\"",
        "comment": "this is only requested if the current users name is not known",
        "content": {
            "type": "string",
            "description": "Please provide your name which will be sent in the invite\n\nYour name?",
            "var": "$avatarname"
        }
    }, {
        "type": "input",
        "menuRef": "/contacts/menu.json",
        "header": "** #Contact add **",
        "footer": "send number or \"menu\"",
        "content": {
            "type": "string",
            "description": "Send your friend's mobile number or their 15-digit ONEm id",
            "var": "onemnumber"
        }
    }, {
        "type": "wizard",
        "menuRef": "/contacts/menu.json",
        "header": "** #Contact add **\nAn invitation will be sent to {{onemnumber}}\n",
        "content": [{
            "type": "skip",
            "description": "{{onemnumber}}"
        }]
    }, {
        "type": "message",
        "header": "** #Contact add **",
        "description": "An invitation has been sent to {{onemnumber}}\nYou will be notified when this person accepts"
    }, {
        "type": "end",
        "ref": "#contacts menu"
    }]
}