{
    "content": [{
        "ref": "nc.json",
        "type": "menu",
        "menuRef": "/contacts/menu.json",
        "header": "** #contacts menu **\nNo contacts found\n\nGo ahead and start inviting your friends now",
        "comment": "Menu when no contacts exist there are no made or received calls or messages\n",
        "footer" : "send \"invite\" or \"menu\"",
        "content": [{
            "ref": "/contacts/add.json",
            "type": "linkDynamic",
            "description": "Invite new contact\n",
            "shortcut": "invite"
        }]
    }, {
        "type": "end",
        "ref": "#contacts"
    }]
}