{
    "content": [{
        "ref": "view.json",
        "type": "menu",
        "menuRef": "/contacts/menu.json",
        "header": "** #contacts {{$contactFirstName}} **",
        "content": [{
            "ref": "/contacts/call.json",
            "type": "linkStatic",
            "description": "Call"
        }, {
            "ref": "/contacts/message.json",
            "type": "linkStatic",
            "description": "Send Message"
        }, {
            "ref": "/contacts/addxgroup.json",
            "type": "linkStatic",
            "description": "Add to xGroup"
        }, {
            "ref": "/contacts/searchdetail.json",
            "type": "linkStatic",
            "description": "Details"
        }]
    }, {
        "type": "end",
        "ref": "/contacts/menu.json"
    }]
}