{
    "content": [{
        "menuRef": "poll/menu.json",
        "type": "menu",
       	"header": "** Poll **\nIs America safer with President Trump?",
        "footer": "answer to see all results",
        "comment": "The first menu will give a simple poll with two options for answers. When the person gives an answer they will get the poll results.",
        "content": [{
            "ref": "poll/results.json",
            "type": "linkStatic",
            "shortcut": "results",
            "description": "Yes"
        }, {
            "ref": "poll/results.json",
            "type": "linkStatic",
            "shortcut": "results",
            "description": "No"
        },{
            "ref": "poll/suggest.json",
            "type": "linkStatic",
            "shortcut": "suggest",
            "description": "Try #wiki Trump"
        }]
    },
    {
    	"type": "end",
    	"ref": "#brands"
    }]
}