{
    "content": [{
        "menuRef": "poll/results.json",
        "type": "menu",
       	"header": "** Poll **\nResults:Are people happy today?",
        "comment": "The first menu will give a simple poll with two options for answers. When the person gives an answer they will get the poll results.",
        "content":  [{
            "ref": "poll/yes.json",
            "type": "linkStatic",
            "shortcut": "results",
            "description": "Yes 60%"
        }, {
            "ref": "poll/no.json",
            "type": "linkStatic",
            "shortcut": "results",
            "description": "No 40%"
        },{
            "ref": "poll/suggest.json",
            "type": "linkStatic",
            "shortcut": "suggest",
            "description": "Suggest Poll"
        }]
    },
    {
    	"type": "end",
    	"ref": "#poll"
    }]
}