{
    "content": [{
        "menuRef": "poll/women.json",
        "type": "menu",
       	"header": "** Poll **\nResults:Are women happy today?",
        "comment": "The first menu will give a simple poll with two options for answers. When the person gives an answer they will get the poll results.",
        "content":  [{
            "ref": "poll/yes.json",
            "type": "linkStatic",
            "shortcut": "menu",
            "description": "Yes 70%"
        }, {
            "ref": "poll/no.json",
            "type": "linkStatic",
            "shortcut": "menu",
            "description": "No 30%"
        },{
            "ref": "poll/suggest.json",
            "type": "linkStatic",
            "shortcut": "suggest",
            "description": "Suggest Poll"
        }]
    },
    {
    	"type": "end",
    	"ref": "#poll"
    }]
}