{
    "content": [{
        "menuRef": "poll/results.json",
        "type": "menu",
       	"header": "** Poll **\nResults:People happy today - 60%",
        "comment": "The first menu will give a simple poll with two options for answers. When the person gives an answer they will get the poll results.",
        "content":  [{
            "ref": "poll/men.json",
            "type": "linkStatic",
            "shortcut": "men",
            "description": "Men 30%"
        }, {
            "ref": "poll/women.json",
            "type": "linkStatic",
            "shortcut": "women",
            "description": "Women 70%"
        },{
            "ref": "poll/suggest.json",
            "type": "linkStatic",
            "shortcut": "suggest",
            "description": "Suggest Poll"
        }]
    },
    {
    	"type": "end",
    	"ref": "#poll"
    }]
}