{
    "content": [{
        "menuRef": "ooredoo/index.json",
        "type": "menu",
       	"header": "** #offers menu **\nAccount Balance: AED 100",
        "footer" : "send option or 'menu'",
        "content": [{
            "ref": "ooredoo/topup.json",
            "type": "linkStatic",
            "shortcut": "recharge",
            "description": "Recharge"
        }, {
            "ref": "ooredoo/nojoom.json",
            "type": "linkStatic",
            "shortcut": "nojoom",
            "description": "Nojoom points"
        }]
    },
    {
    	"type": "end",
    	"ref": "#ooredoo"
    }]
}