{
    "content": [{
        "menuRef": "ooredoo/index.json",
        "type": "menu",
       	"header": "** #ooredoo menu **",
        "content": [{
            "ref": "ooredoo/offers.json",
            "type": "linkStatic",
            "shortcut": "offers",
            "description": "Offers(3)"
        }, {
            "ref": "ooredoo/account.json",
            "type": "linkStatic",
            "shortcut": "quick",
            "description": "My account"
        }, {
            "ref": "ooredoo/promotions.json",
            "type": "linkStatic",
            "shortcut": "promotions",
            "description": "Promotions(5)"
        }]
    },
    {
    	"type": "end",
    	"ref": "#ooredoo"
    }]
}