{
    "content": [{
        "menuRef": "ooredoo/index.json",
        "type": "menu",
       	"header": "** #Promotions menu **",
        "content": [{
            "ref": "#ooredoo menu",
            "type": "linkStatic",
            "shortcut": "hala",
            "description": "Hala Go! Top-up now, pay later"
        }, {
            "ref": "ooredoo/data.json",
            "type": "linkStatic",
            "shortcut": "data",
            "description": "Non-stop data"
        }, {
            "ref": "ooredoo/competition.json",
            "type": "linkStatic",
            "shortcut": "competition",
            "description": "Try our competition"
        }]
    },
    {
    	"type": "end",
    	"ref": "#ooredoo"
    }]
}