{
    "content": [{
        "ref": "addcurrency.json",
        "type": "input",
        "menuRef": "/exchange/menu.json",
        "header": "** #exchange add **",
        "content": {
            "type": "string",
            "description": "Send currency name, code or country",
            "var": "$Currency"
        }

    }, {
        "type": "menu",
        "header": "** #exchange **\n Selected GBP:100",
        "menuRef": "/exchange/menu.json",
        "content": [{
        "ref": "exchange/addcurrency2.json",            
        "type": "linkStatic",
            "description": "Add new currency"
        }, {
            "ref": "exchange/usd2.json",
            "type": "linkStatic",
            "shortcut": "usd",
            "description": "USD 125.41"
        }, {
            "ref": "exchange/EUR.json",
            "type": "linkStatic",
            "shortcut": "eur",
            "description": "EUR 116.20"
        }, {
           "ref": "exchange/EUR.json",
            "type": "linkStatic",
            "shortcut": "cad",
            "description": "CAD 163.60"
             }]
    }, {
        "type": "end",
        "ref": "#exchange"
    }]
}