{
    "content": [{
        "ref": "exchange/amount.json",
        "menuRef": "exchange/menu.json",
        "type": "input",
       	"header": "** #exchange **\n Selected USD:500",
        "footer": "**send option or amount**", 
            "content": [{
            "ref": "exchange/addcurrency.json",
            "type": "linkStatic",
            "shortcut": "add",
            "description": "Add new currency"
        }, {
            "ref": "exchange/GBP.json",
            "type": "linkStatic",
            "shortcut": "gbp",
            "description": "GBP 401.69"
        }, {
            "ref": "exchange/EUR.json",
            "type": "linkStatic",
            "shortcut": "eur",
            "description": "EUR 465.72"
        }, {
            "ref": "exchange/CAD.json",
            "type": "linkStatic",
            "shortcut": "cad",
            "description": "CAD 656.32"
        }]
    },
    {
    	"type": "end",
    	"ref": "#exchange"
    }]
}