{
    "content": [{
        "ref": "index.json",
        "menuRef": "/exchange/menu.json",
        "type": "menu",
       	"header": "** #exchange **\n Selected {{$exchangeObj.selectedCurrency || GBP}}:{{$exchangeObj.selectedAmount || 100}}",
        "footer": "<send option or {{$exchangeObj.selectedCurrency}} amount>",
        "content": [{
            "ref": "exchange/addcurrency.json",
            "type": "linkStatic",
            "shortcut": "add",
            "description": "Add new currency"
        }, {
            "ref": "exchange/index.json",
            "type": "linkStatic",
            "shortcut": "usd",
            "description": "{{$exchangeObj.array[0].currency}} {{$exchangeObj.array[0].amount}}",
            "var": "$exchangeObj={selectedCurrency : 'USD', selectedAmount: 125.41, array:[{currency: 'GBP', amount: 100.00}, {currency: 'EUR', amount: 116.20}]}"
        }, {
            "ref": "exchange/index.json",
            "type": "linkStatic",
            "shortcut": "eur",
            "description": "{{$exchangeObj.array[1].currency}} {{$exchangeObj.array[1].amount}}",
            "var": "$exchangeObj={selectedCurrency : 'EUR', selectedAmount: 116.20, array:[{currency: 'USD', 'amount': 125.41}, {currency: 'GBP', amount: 100.00}]}"
        }]
    },
    {
    	"type": "end",
    	"ref": "#exchange"
    }]
}