{
    "content": [{
        "menuRef": "exchange/menu.json",
        "type": "menu",
       	"header": "** #exchange **\n Selected GBP:100",
        "footer": "**send option or amount**", 
        "content": [{
            "ref": "exchange/addcurrency.json",
            "type": "linkStatic",
            "shortcut": "add",
            "description": "Add new currency"
        }, {
            "ref": "exchange/usd2.json",
            "type": "linkStatic",
            "shortcut": "usd",
            "description": "USD 125.41"
        }, {
            "ref": "exchange/EUR.json",
            "type": "linkStatic",
            "shortcut": "eur",
            "description": "EUR 116.20"
        }]
    },
    {
    	"type": "end",
    	"ref": "#exchange"
    }]
}