{
    "content": [{
        "ref": "exchange/usd2.json",
        "menuRef": "exchange/menu.json",
        "type": "input",
       	"header": "** #exchange **",
        "footer": "**send option or amount**",
        "content": {
        "type": "string",
        "description": "Selected USD:125.41\na Add new currency\nb GBP 100.79\nc EUR 116.85\nd CAD 164.55.20",
        "var": "$title"
        }
    }, {
          "type": "menu",
          "menuRef": "exchange/menu.json",
          "header": "** #exchange **\n Selected USD:500",
          "footer": "**send option or amount**", 
            "content": [{
            "ref": "exchange/addcurrency.json",
            "type": "linkStatic",
            "shortcut": "add",
            "description": "Add new currency"
        }, {
            "ref": "exchange/GBP.json",
            "type": "linkStatic",
            "shortcut": "gbp",
            "description": "GBP 401.69"
        }, {
            "ref": "exchange/EUR.json",
            "type": "linkStatic",
            "shortcut": "eur",
            "description": "EUR 465.72"
        }, {
            "ref": "exchange/CAD.json",
            "type": "linkStatic",
            "shortcut": "cad",
            "description": "CAD 656.32"
        }]
 
    },
    {
    	"type": "end",
    	"ref": "#exchange"
    }]
}