{
    "content": [{
        "ref": "xgroup.json",
        "menuRef": "xgroup/menu.json",
        "type": "menu",
       	"header": "** #xGroup menu **",
        "comment": "My xGroups(3) indicates the number of xGroups defined by the current user.\nIf there is only one xGroup, then the name of this xGroup should be shown instead\nIf there are no xGroups defined, then this menu option should not be present (only create and tutorial in that case)",
        "content": [{
            "ref": "xgroup/list.json",
            "type": "linkStatic",
            "shortcut": "my",
            "description": "My xGroups (3)"
        }, {
            "ref": "xgroup/create.json",
            "type": "linkStatic",
            "shortcut": "create",
            "description": "Create xGroup"
        }, {
            "ref": "Tutorial.json",
            "type": "linkStatic",
            "shortcut": "help",
            "description": "Tutorial"
        }]
    },
    {
    	"type": "end",
    	"ref": "#xgroup"
    }]
}