{
    "content": [{
        "ref": "add.json",
        "type": "input",
        "menuRef": "/post/menu.json",
        "header": "** #post add **",
        "content": {
            "type": "string",
            "description": "Give your new post a title",
            "var": "$title"
        }
    }, {
        "type": "input",
        "menuRef": "/post/menu.json",
        "header": "** #post add **",
        "content": {
            "type": "string",
            "description": "Send post content (max 20 words)",
            "var": "$description"
        }
    }, {
        "type": "menu",
        "header": "** #post add **",
        "menuRef": "/post/menu.json",
        "content": [{
            "type": "skip",
            "description": "Private (share code)",
            "var": "$visibility=Private"
        }, {
            "type": "skip",
            "description": "Public (everyone)",
            "var": "$visibility=Public"
        }]
    }, {
        "type": "wizard",
        "menuRef": "/post/menu.json",
        "header": "** #post add **",
        "content": [{
            "type": "any",
            "description": "{{$visibility}}"
        }, {
            "type": "any",
            "description": "{{$title}}"
        }, {
            "type": "any",
            "description": "{{$description}}"
        }]
    }, {
        "type": "message",
        "header": "** #post add **",
        "description": "Post added, code is {{Math.random().toString(36).substr(2, 6).toUpperCase()}}\nShare this code with anyone so they can see your post "
    }, {
        "type": "end",
        "ref": "#post recent"
    }]
}