{
    "content": [{
        "ref": "/post/call.json",
        "menuRef": "post/menu.json",
        "type": "menu",
       	"header": "** %post title% **\nCalling the post owner.  Phone is going to ring ...",
        "content": [{
            "ref": "post/call.json",
            "type": "linkStatic",
            "shortcut": "call",
            "description": "Call again"
        }, {
            "ref": "post/message.json",
            "type": "linkStatic",
            "shortcut": "message",
            "description": "Send a message"
        }]
    },
    {
    	"type": "end",
    	"ref": "#post recent"
    }]
}