{
    "content": [{
        "ref": "comments.json",
        "type": "menu",
        "menuRef": "/post/menu.json",
        "header": "** %post title% **",
        "comment": "Comments are sorted by recent created by date",
        "content": [{
            "ref": "/post/addcomment.json",
            "type": "linkStatic",
            "description": "New comment"
        }, {
            "ref": "/post/viewcomment.json",
            "type": "linkDynamic",
            "description": "%Comment 1...%"
        }, {
            "ref": "/post/viewcomment.json",
            "type": "linkDynamic",
            "description": "%Comment 2...%"
        }]
    }, {
        "type": "end",
        "ref": "#post recent"
    }]
}