{
    "content": [{
        "ref": "index.json",
        "type": "menu",
        "menuRef": "/jokes/menu.json",
        "header": "** #jokes **\nI dreamt I was forced to eat a giant marshmallow. When I woke up, my pillow was gone.\nMore jokes?",
        "content": [{
            "ref": "/jokes/next.json",
            "type": "linkStatic",
            "description": "Next"
        }, {
            "ref": "/jokes/menu.json",
            "type": "linkStatic",
            "description": "Menu"
        }]
    }, {
        "type": "end",
        "ref": "#jokes"
    }]
}