{
    "content": [{
        "ref": "message.json",
        "type": "input",
        "menuRef": "/post/menu.json",
        "header": "** #post message **",
        "footer": "send message, or 'back'",
        "content": {
            "type": "string",
            "description": "Send your message to the post owner"
        }
    }, {
        "type": "message",
        "header": "** #post message **",
        "description": "Your message was sent successfully"
    }, {
        "type": "end",
        "ref": "#post recent"
    }]
}