{
    "content": [{
        "ref": "next.json",
        "type": "menu",
        "menuRef": "/jokes/next.json",
        "header": "** #jokes **\nMy dog used to chase people on a bike a lot. It got so bad, finally I had to take his bike away.",
        "content": [{
            "ref": "/jokes/next.json",
            "type": "linkStatic",
            "description": "Next"
        }, {
            "ref": "/jokes/menu.json",
            "type": "linkStatic",
            "description": "Menu"
        }]
    }, {
        "type": "end",
        "ref": "#jokes"
    }]
}