{
    "content": [{
        "ref": "rate.json",
        "type": "input",
        "menuRef": "/post/menu.json",
        "header": "** %post title% **",
        "footer": "Send '1'..'5' or 'back'",
        "comment": "Post rating calculation is performed and post updated with new average score.\nEvent notification is sent to post owner:\nFrom: event notification code (no reply)\nTo: post owner\n'** Re: <post title> **\nCongratulations! Someone rated your post.  To check your inbox\nSend: '#post menu'  to <service code>\nDo not reply to this message.",
        "content": {
            "type": "string",
            "description": "Send your post rating from 1 to 5.  1 is Poor, 5 is Excellent"
        }
    }, {
        "type": "message",
        "header": "** %post title% **",
        "description": "Rating added to this post"
    }, {
        "type": "end",
        "ref": "#post recent"
    }]
}