{
    "content": [{
        "ref": "viewcomment.json",
        "type": "menu",
        "menuRef": "/post/menu.json",
        "header": "** %post title% **\nUser: %avatar%\n%this is a very long comment body with lots of words in it so that the menu is chunked, what do you think about that?%",
        "footer": "Send option, 'menu' or 'back'",
        "content": [{
            "ref": "/post/addcomment.json",
            "type": "linkStatic",
            "description": "New comment"
        }, {
            "ref": "/post/options.json",
            "type": "linkStatic",
            "description": "Options"
        }]
    }, {
        "type": "end",
        "ref": "/post/menu.json"
    }]
}