{
    "content": [{
        "ref": "weather.json",
        "type": "input",
        "menuRef": "/weather/menu.json",
        "header": "** #weather add **",
        "content": {
            "type": "string",
            "description": "Send a place or city",
            "var": "$place"
        }
    }, {
        "type": "menu",
        "header": "** #weather add **\nDid you mean?",
        "menuRef": "/weather/menu.json",
        "content": [{
            "type": "skip",
            "description": "{{$place}}, France",
            "var": "$country=France"
        }, {
            "type": "skip",
            "description": "{{$place}}, Tx USA",
            "var": "$country=USA"
        }]
    }, {
        "type": "end",
        "ref": "#weather index1"
    }]
}