{ "content": [
  {
    "type": "menu",
    "menuRef": "#weather menu",
    "content": [
      {
        "type": "skip",
        "description": "London, UK",
        "ref": ""
      },
      {
        "type": "skip",
        "description": "Paris, France",
        "ref": ""
      }
    ],
    "header": "** Weather Delete **",
    "ref": "#weather"
  },
  {
    "type": "menu",
    "menuRef": "#weather menu",
    "content": [
      {
        "type": "skip",
        "description": "Delete",
        "ref": ""
      },
      {
        "type": "skip",
        "description": "Cancel",
        "ref": ""
      }
    ],
    "header": "** Weather Delete **\nRemove Paris, France, are you sure?"
  },
  {
    "type": "message",
    "header": "** Weather Delete **",
    "description": "Paris, France has been deleted",
    "menuRef": "#weather menu"
  },
  {
    "type": "end",
    "ref": "#weather"
  }
]}