{
    "content": [{
        "ref": "weather.json",
        "menuRef": "weather.json",
        "type": "menu",
       	"header": "** Weather London {{$visibility}}, GB menu **",
        "content": [{
            "ref": "details.json",
            "type": "linkStatic",
            "shortcut": "details",
            "description": "details"
        }, {
            "ref": "hourly.json",
            "type": "linkStatic",
            "shortcut": "hour",
            "description": "hour by hour"
        }]
    },
    {
    	"type": "end",
    	"ref": "#weather"
    }]
}