{
    "content": [{
        "ref": "weather.json",
        "menuRef": "/weather/menu1.json",
        "type": "menu",
       	"header": "** Weather **",
        "content": [{
            "ref": "/weather/detailslondon.json",
            "type": "linkStatic",
            "shortcut": "london",
            "description": "London, GB 11C Mostly Cloudy"
        }, {
            "ref": "/weather/detailsparis.json",
            "type": "linkStatic",
            "shortcut": "paris",
            "description": "{{$place}}, {{$country}} 12C Rain"
        }, {
            "ref": "/weather/add.json",
            "type": "linkStatic",
            "shortcut": "hour",
            "description": "Add location"
        }]
    },
    {
    	"type": "end",
    	"ref": "#weather"
    }]
}