{
    "content": [{
        "ref": "tutorial/account.json",
        "type": "menu",
        "menuRef": "indexcategories.json",
        "header": "** Account services **",
        "content": [{
            "ref": "#account",
            "type": "linkStatic",
            "shortcut": "account",
            "description": "#account"
        }, {
            "ref": "#contacts",
            "type": "linkStatic",
            "description": "#contacts"
        }, {
            "ref": "#invite",
            "type": "linkStatic",
            "description": "#invite"  
        }]
    }, {
        "type": "end",
        "ref": "tutorial/account.json"
    }]
}