{
    "content": [{
        "ref": "tutorial/how.json",
        "type": "menu",
        "menuRef": "#tutorial",
        "header": "** Welcome to ONEm **\nPlease follow the tutorial.Choose an option by sending the letter in front of it:",
        "footer": "\n** send 'a' for next tip,'b' to skip **",
        "content": [{
            "ref": "tutorial/tip1.json",
            "type": "linkStatic",
            "description": "Next tip"
        }, {
            "ref": "#tutorial",
            "type": "linkStatic",
            "description": "Skip"
        }]
    }, {
        "type": "end",
        "ref": "#tutorial"
    }]
}