{
    "content": [{
        "ref": "tutorial/index.json",
        "type": "menu",
        "menuRef": "#tutorial",
        "header": "** ONEm menu **",
        "footer": "** Select option **",
        "content": [{
            "ref": "myaccount.json",
            "type": "linkStatic",
            "description": "My account"
        }, {
            "ref": "tutorial/how.json",
            "type": "linkStatic",
            "description": "How to use",
            "shortcut": "how"
        }, {
            "ref": "indexcategories.json",
            "type": "linkStatic",
            "description": "Free Services"
        }, {
            "ref": "createxgroup.json",
            "type": "linkStatic",
            "description": "Create free SMS group chat - xGroup"
        }, {
            "ref": "sendsms.json",
            "type": "linkStatic",
            "description": "Send free SMS"
        }]
    }, {
        "type": "end",
        "ref": "tutorial/index.json"
    }]
}