{
    "content": [{
        "ref": "index.json",
        "type": "menu",
        "menuRef": "#onem",
        "header": "** ONEm menu **",
        "content": [{
            "ref": "myaccount.json",
            "type": "linkStatic",
            "description": "My account"
        }, {
            "ref": "/onem/invite.json",
            "type": "linkStatic",
            "description": "Invite friends to chat for free"
        }, {
            "ref": "createxgroup.json",
            "type": "linkStatic",
            "description": "Create free SMS group chats"
        }, {
            "ref": "index.json",
            "type": "linkStatic",
            "description": "Free Services"
        }, {
            "ref": "onem/how.json",
            "type": "linkStatic",
            "description": "How to use",
            "shortcut": "how"
        }]
    }, {
        "type": "end",
        "ref": "index.json"
    }]
}