{
"content": [
  {
    "type": "input",
    "menuRef": "/onem/index.json",
    "header": "** ONEm Invite **",
    "content": {
      "description": "Send your name to be sent with the invitation",
      "var": "username"
    },
    "footer": "<send name or \"back\">"
  },
  {
    "type": "input",
    "menuRef": "/onem/index.json",
    "header": "** ONEm Invite **",
    "footer": "<send number or \"back\">",
    "content": {
      "type": "string",
      "description": "Send mobile number of your friend",
      "var": "mobilenum"
    }
  },
  {
    "type": "input",
    "menuRef": "/onem/index.json",
    "header": "** ONEm Invite **",
    "content": {
      "description": "Send the name of your friend",
      "var": "friendname"
    },
    "footer": "<send name or \"back\">"
  },
  {
    "type": "menu",
    "menuRef": "/contacts/menu.json",
    "header": "** #ONEm Invite **",
    "footer": "<send option or \"back\">",
    "comment": "If operator is marked as not having MNP, then system checks the number range is in a valid range (Smart's number ranges are 0798 and 0799). For operators having MNP, this feature would need to be disabled currently. In future, we can use HLR lookup service such as that provided by CLX.",
    "content": [
      {
        "type": "skip",
        "description": "Send invitation",
        "ref": ""
      },
      {
        "type": "linkStatic",
        "ref": "#contacts menu",
        "description": "Back\nYou selected:"
      },
      {
        "type": "skip",
        "description": "{{username}}",
        "ref": ""
      },
      {
        "type": "skip",
        "description": "{{mobilenum}}",
        "ref": ""
      },
      {
        "type": "skip",
        "description": "{{friendname}}",
        "ref": ""
      }
    ]
  },
  {
    "type": "message",
    "header": "** ONEm Invite  **",
    "comment": "Friend receives SMS invitation via ONEm service code. \"Chris invites you to join ONEm, reply with #ONEm to accept\".",
    "description": "An invitation has been sent to {{mobilenum}}\nYou will be notified when this person accepts"
  },
  {
    "type": "end",
    "ref": "#onem"
  }
]
}