{
    "content": [{
        "ref": "tip1.json",
        "type": "menu",
        "menuRef": "#onem",
        "header": "** Help **\nTo see all available services send \"#onem\" and then choose \"Free services\" from the list",
        "content": [{
            "ref": "onem/tip2.json",
            "type": "linkStatic",
            "description": "Next tip"
        }, {
            "ref": "#onem",
            "type": "linkStatic",
            "description": "Skip"
        }]
    }, {
        "type": "end",
        "ref": "#onem"
    }]
}