{
    "content": [{
        "ref": "tip5.json",
        "type": "menu",
        "menuRef": "#onem",
        "header": "** Help **\n\"help\" is your best friend. Use it when you get stuck.\nRemember there's no need to put quotes.",
        "content": [{
            "ref": "onem/tip6.json",
            "type": "linkStatic",
            "description": "Next tip"
        }, {
            "ref": "#onem",
            "type": "linkStatic",
            "description": "Skip"
        }]
    }, {
        "type": "end",
        "ref": "#onem"
    }]
}