{
    "content": [{
        "ref": "tip6.json",
        "type": "menu",
        "menuRef": "#onem",
        "header": "** Help **\nOptions are displayed as letters or numbers. In this case, send \"a\" or \"b\" for one of the below:",
        "content": [{
            "ref": "onem/tip7.json",
            "type": "linkStatic",
            "description": "Next tip"
        }, {
            "ref": "#onem",
            "type": "linkStatic",
            "description": "Skip"
        }]
    }, {
        "type": "end",
        "ref": "#onem"
    }]
}