{
    "content": [{
        "ref": "tip7.json",
        "type": "menu",
        "menuRef": "#onem",
        "header": "** Help **\nWhenever you want to start again, send \"#onem\" to get to the main menu.",
        "content": [{
            "ref": "onem/tip8.json",
            "type": "linkStatic",
            "description": "Next tip"
        }, {
            "ref": "#onem",
            "type": "linkStatic",
            "description": "Skip"
        }]
    }, {
        "type": "end",
        "ref": "#onem"
    }]
}