{
    "content": [{
        "ref": "tip8.json",
        "type": "menu",
        "menuRef": "#onem",
        "header": "** Help **\nTo find out more choose \"How to use\" from #onem menu or send \"help\"",
        "content": [{
            "ref": "#onem",
            "type": "linkStatic",
            "description": "Finish"
        }, {
            "ref": "onem/tip1.json",
            "type": "linkStatic",
            "description": "Start again"
        }]
    }, {
        "type": "end",
        "ref": "#onem"
    }]
}