{
    "content": [{
        "ref": "index.json",
        "type": "menu",
        "menuRef": "#wodaabe",
        "header": "** Menu **",
        "content": [{
            "ref": "wodaabe/userintro.json",
            "type": "linkStatic",
            "description": "User Introduction"
        }, {
            "ref": "wodaabe/userdetails.json",
            "type": "linkStatic",
            "description": "User details"
        }, {
            "ref": "wodaabe/tribeinfo.json",
            "type": "linkStatic",
            "description": "Tribe Information"
        },{
            "ref": "wodaabe/propositions.json",
            "type": "linkStatic",
            "description": "List of Propositions"
        }, {
            "ref": "wodaabe/bilitalinfo.json",
            "type": "linkStatic",
            "description": "Bilital Information"
        }, {
            "ref": "index.json",
            "type": "linkStatic",
            "description": "Free Services"
        }, {
            "ref": "wodaabe/how.json",
            "type": "linkStatic",
            "description": "How to use",
            "shortcut": "how"
        }]
    }, {
        "type": "end",
        "ref": "index.json"
    }]
}