{
    "content": [{
        "ref": "xgroup/list.json",
        "menuRef": "xgroup/menu.json",
        "type": "menu",
       	"header": "** #xGroup menu **",
        "content": [{
            "ref": "xgroup/options.json",
            "type": "linkStatic",
            "description": "<name 1>"
        }, {
            "ref": "xgroup/options.json",
            "type": "linkStatic",
            "description": "<name 2>"
        }, {
            "ref": "xgroup/options.json",
            "type": "linkStatic",
            "description": "<name 3>"
        }]
    },
    {
    	"type": "end",
    	"ref": "#xgroup menu"
    }]
}