{
    "content": [{
        "ref": "menu.json",
        "type": "menu",
        "menuRef": "/wodaabe/menu.json",
        "header": "** #wodaabe menu **",
        "content": [{
            "ref": "/wodaabe/userdetails.json",
            "type": "linkDynamic",
            "description": "sex"
        }, {
            "ref": "/wodaabe/userdetails.json",
            "type": "linkDynamic",
            "description": "age"
        },{
            "ref": "/wodaabe/userdetails.json",
            "type": "linkDynamic",
            "description": "location"
        }]
    }, {
        "type": "end",
        "ref": "#contacts"
    }]
}