{
    "wodaabe": [{
        "ref": "tip2.json",
        "type": "menu",
        "menuRef": "#wodaabe",
        "header": "** Help **\nSend \"#account\" to set your name or change settings like language or location",
        "content": [{
            "ref": "onem/tip3.json",
            "type": "linkStatic",
            "description": "Next tip"
        }, {
            "ref": "#onem",
            "type": "linkStatic",
            "description": "Skip"
        }]
    }, {
        "type": "end",
        "ref": "#onem"
    }]
}