{
    "content": [{
        "ref": "menu.json",
        "type": "menu",
        "menuRef": "/wodaabe/tribeinfo.json",
        "header": "** #Tribe Information **",
        "content": [{
            "ref": "/wodaabe/tribeinfo.json",
            "type": "linkDynamic",
            "description": "Ayyanko’en"
        }, {
            "ref": "/wodaabe/tribeinfo.json",
            "type": "linkDynamic",
            "description": "Baagel’en"
        }, {
            "ref": "/wodaabe/tribeinfo.json",
            "type": "linkDynamic",
            "description": "Dubanko’en"
        }, {
            "ref": "/wodaabe/tribeinfo.json",
            "type": "linkDynamic",
            "description": "Ganndawkeeru"
        }, {
            "ref": "/wodaabe/tribeinfo.json",
            "type": "linkDynamic",
            "description": "Gojanko’en"
        }, {
            "ref": "/wodaabe/tribeinfo.json",
            "type": "linkDynamic",
            "description": "Hadaali"
        }, {
            "ref": "/wodaabe/tribeinfo.json",
            "type": "linkDynamic",
            "description": "Jiijiiru"
        }, {
            "ref": "/wodaabe/tribeinfo.json",
            "type": "linkDynamic",
            "description": "Kasawsawa"
        }, {
            "ref": "/wodaabe/tribeinfo.json",
            "type": "linkDynamic",
            "description": "Kayawuru"
        }, {
            "ref": "/wodaabe/tribeinfo.json",
            "type": "linkDynamic",
            "description": "Liimanko’en"
        }, {
            "ref": "/wodaabe/tribeinfo.json",
            "type": "linkDynamic",
            "description": "Njapto’en"
        }, {
            "ref": "/wodaabe/tribeinfo.json",
            "type": "linkDynamic",
            "description": "Nyiiwaaru"
        },{
            "ref": "/wodaabe/tribeinfo.json",
            "type": "linkDynamic",
            "description": "Suudu Suka’el"
        }]
    }, {
        "type": "end",
        "ref": "#wodaabe"
    }]
}